[
    {
        "id":1,
        "OrgName":"Technosoft solution ",
        "jobtitle":"Type writer",
        "jobdescription":"Typing up company documents from dictation, audio recordings, written documents, and other media. Recording meeting  minutes and notes. Drafting documents, reports, spreadsheets, presentations, and other written material. Reformatting, converting, and merging documents to conform to company specifications",
        "payment":"cashpay/zellepay",
        "fromdate":"06/23/2022",
        "todate":"09/23/2022",
        "workingtime":"9:00am to 2pm",
        "joblocation":"Texas,Parkstreet,Roadno:23,Zipcode:21992",
        "contactdetails":"Ph:8781929923 , Email:joy@123.com"
    },
    {
        "id":2,
        "OrgName":"",
        "jobtitle":"Gardener",
        "jobdescription":"We are looking for a Gardener to install and maintain the flowers, trees and green spaces on the property. Gardener responsibilities include monitoring the health of all plants and greenscapes, watering and feeding plants, trimming trees and shrubs, fertilizing and mowing lawns, weeding gardens and keeping green spaces and walkways clear of debris and litter.",
        "payment":"Checque",
        "fromdate":"06/25/2022",
        "todate":"07/25/2022",
        "workingtime":"7:00am to 9am",
        "joblocation":"Texas,Alpine,Rosemarry Street,Houseno:26653,Zipcode:98332",
        "contactdetails":"Ph:693015494 , Email:root@gmail.com"
    },
    {
        "id":3,
        "OrgName":"Coffe day",
        "jobtitle":"waiter",
        "jobdescription":"A waiter works to create a positive experience for guests in a restaurant by meeting their needs. They use their knowledge of the menu to make recommendations and answer the questions. A waiter will take an order detailing the customer's requests and inform the back of the house staff of the new order.",
        "payment":"cash",
        "fromdate":"06/24/2022",
        "todate":"04/30/2023",
        "workingtime":"8am to 5pm",
        "joblocation":"Texas,Dallas,10 mile gd,Shopno:321, Zipcode:34991",
        "contactdetails":"Ph:6019635594, Email:coffeeday@gmail.com"
    },
    {
        "id":4,
        "OrgName":"",
        "jobtitle":"Baby sitter",
        "jobdescription":"Performs light housework.Leads children in fun activities.Keeps children's living and play areas tidy.Helps with homework and tutoring as needed. Cares for infants, including feeding, diapering, and dressing.",
        "payment":"Netbanking ",
        "fromdate":"07/01/2022",
        "todate":"07/01/2023",
        "workingtime":"8am to 2pm",
        "joblocation":"Texas,Austin,Barton Springs Road,Houseno:129,Zipcode:23980",
        "contactdetails":"Ph:7297646902 ,Email:ram@gmail.com"
    },
    {
        "id":5,
        "OrgName":"Pizza Hut",
        "jobtitle":"Pizza Delivery",
        "jobdescription":" Checking orders before delivery to ensure that the correct products have been made, and that charges are accurate. Transporting items to customers at their desired locations. Managing cash and card payments upon delivery, as needed. Adhering to road and traffic regulations.",
        "payment":"Zelleapp/Cashapp",
        "fromdate":"07/03/2022",
        "todate":"12/30/2022",
        "workingtime":"9am to 9pm",
        "joblocation":"Texas,Sanantanio,Houston street,Shopno:186,Zipcode:28404",
        "contactdetails":"Ph:6174947630 ,Email:pizzahut@gmail.com"
    },
    {
        "id":6,
        "OrgName":"Puma showroom",
        "jobtitle":"Sales Boy",
        "jobdescription":"The salesperson is responsible for greeting customers, helping them find items in the store, and ringing up purchases. To be successful as a salesperson you must have excellent communication skills. A good salesperson meets sales objectives while remaining polite and helpful to customers.",
        "payment":"Cash Payment",
        "fromdate":"08/01/2022",
        "todate":"02/01/2023",
        "workingtime":"9am to 8pm",
        "joblocation":"Teaxs,Amarilo,Mabry Street,steetno:25,Zipcode:34024",
        "contactdetails":"Ph:8379353683 ,Email:pumabrand@gmail.com"
    },
    {
        "id":7,
        "OrgName":"Agti solution ",
        "jobtitle":"Type writer",
        "jobdescription":"Typing up company documents from dictation, audio recordings, written documents, and other media. Recording meeting  minutes and notes. Drafting documents, reports, spreadsheets, presentations, and other written material. Reformatting, converting, and merging documents to conform to company specifications",
        "payment":"cashpay/zellepay",
        "fromdate":"06/30/2022",
        "todate":"10/30/2022",
        "workingtime":"9:00am to 5pm",
        "joblocation":"Texas,101 Bondman,Roadno:33,Zipcode:30992",
        "contactdetails":"Ph:6920401464 , Email:Agrisol@gmail.com"
    },
    {
        "id":8,
        "OrgName":"",
        "jobtitle":"Gardener",
        "jobdescription":"We are looking for a Gardener to install and maintain the flowers, trees and green spaces on the property. Gardener responsibilities include monitoring the health of all plants and greenscapes, watering and feeding plants, trimming trees and shrubs, fertilizing and mowing lawns, weeding gardens and keeping green spaces and walkways clear of debris and litter.",
        "payment":"Checque",
        "fromdate":"06/27/2022",
        "todate":"09/27/2022",
        "workingtime":"7:00am to 10am",
        "joblocation":"Texas,BrookeBondStreet,Houseno:26/3,Zipcode:75044",
        "contactdetails":"Ph:8937104754 , Email:dayana@gmail.com"
    },
    {
        "id":9,
        "OrgName":"KFC",
        "jobtitle":"waiter",
        "jobdescription":"A waiter works to create a positive experience for guests in a restaurant by meeting their needs. They use their knowledge of the menu to make recommendations and answer the questions. A waiter will take an order detailing the customer's requests and inform the back of the house staff of the new order.",
        "payment":"cash",
        "fromdate":"06/24/2022",
        "todate":"04/30/2023",
        "workingtime":"8am to 5pm",
        "joblocation":"Texas,Austin,Barton Springs Road,Shopno:239, Zipcode:30941",
        "contactdetails":"Ph:9203963103, Email:Kfc@gmail.com"
    },
    {
        "id":10,
        "OrgName":"",
        "jobtitle":"Baby sitter",
        "jobdescription":"Performs light housework.Leads children in fun activities.Keeps children's living and play areas tidy.Helps with homework and tutoring as needed. Cares for infants, including feeding, diapering, and dressing.",
        "payment":"Netbanking ",
        "fromdate":"07/01/2022",
        "todate":"07/01/2023",
        "workingtime":"8am to 2pm",
        "joblocation":"Texas,Austin,Barton Springs Road,Houseno:129,Zipcode:23980",
        "contactdetails":"Ph:6811103884 ,Email:David@gmail.com"
    },
    {
        "id":11,
        "OrgName":"Domino's Pizza",
        "jobtitle":"Pizza Delivery",
        "jobdescription":" Checking orders before delivery to ensure that the correct products have been made, and that charges are accurate. Transporting items to customers at their desired locations. Managing cash and card payments upon delivery, as needed. Adhering to road and traffic regulations.",
        "payment":"Zelleapp/Cashapp",
        "fromdate":"07/03/2022",
        "todate":"12/30/2022",
        "workingtime":"9am to 9pm",
        "joblocation":"Texas,Parkstreet,Roadno:23,Zipcode:21992",
        "contactdetails":"Ph:6629402746 ,Email:Dominos@gmail.com"
    },
    {
        "id":12,
        "OrgName":"Adidas Showroom",
        "jobtitle":"Sales Boy",
        "jobdescription":"The salesperson is responsible for greeting customers, helping them find items in the store, and ringing up purchases. To be successful as a salesperson you must have excellent communication skills. A good salesperson meets sales objectives while remaining polite and helpful to customers.",
        "payment":"Cash Payment",
        "fromdate":"08/01/2022",
        "todate":"02/01/2023",
        "workingtime":"9am to 8pm",
        "joblocation":"Texas,Sanantanio,Houston street,Shopno:186,Zipcode:28404",
        "contactdetails":"Ph:7782729012 ,Email:Adidas@gmail.com"
    }
]